X,Y,ID_NQN,NOMBRE,BLOQUE,TIPO_AREA,TITULAR,PARTICIPAC,OPERADOR,SUP_LEGAL,SUP_GIS,SIGLA,COD_EMPRES,ANTEC_AREA,MENSURA,ID_BLOQUE,OBSERVA,OBJECTID,PERIMETER,TIPO_CONTR,DCHO_OTORG,NORMA_LEGA,INI_CONTRA,FIN_CONTRA
474538.255609399,5728568.7338271,A155,RINCON DEL MANGRULLO,,CONCESION DE EXPLOTACION NO CONVENCIONAL,YPF S.A.,YPF S.A (100%),YPF S.A.,182.26,182.87446768,RDM,YPF,,NO,197,,175,68.47092551,,,Dec.Adm.435/1997,2017/08/11,2052/08/10
491148.895771226,5680684.86342006,A152,PUESTO TOUQUET,,CONCESION DE EXPLOTACION,Geopark Argentina LTD.,Geopark Argentina LTD. (100.00 %),GEOPARK ARGENTINA LTD.,138.22,138.24646937,PTO,GAL,,SI,187,,176,51.78825816,RENEGOCIADA 2615,,Dec.Prov.143/1992,1992/11/15,2027/11/14
466238.630396432,5672683.36299659,A148,PUESTO CORTADERA,,CONCESION DE EXPLOTACION,Gas y Petroleo del Neuquen S.A.,Gas y Petr肇eo del Neuqu輹 S.A. (100.00%),OILSTONE ENERGIA S.A.,172.5,169.45682056,PUCO,OILS,PIEDRA CHENQUE,NO,184,,177,58.31426596,,,Dec.Prov.173/2007,2007/02/09,2033/09/05
467333.576521243,5685662.61575177,A147,PORTEZUELO MINAS,,CONCESION DE EXPLOTACION,Gas y Petroleo del Neuquen S.A.,Gas y Petr肇eo del Neuqu輹 S.A. (100.00%),OILSTONE ENERGIA S.A.,170.16,169.71789656,PMIN,OILS,,NO,183,,178,58.79650892,,,Dec.Prov.164/2014,2014/02/14,2039/02/13
474042.49575519,5693151.53836156,A120,LOMA NEGRA NI,BLOQUE II,CONCESION DE EXPLOTACION,Gas y Petroleo del Neuquen S.A.,Gas y Petr肇eo del Neuqu輹 S.A. (100.00%),OILSTONE ENERGIA S.A.,89.66,16.99484781,ZNI,OILS,,,151,,179,29.56270237,,,Dec.Prov.1826/2015,2015/01/01,2039/12/31
462267.693594118,5693110.10954065,A120,LOMA NEGRA NI,BLOQUE I,CONCESION DE EXPLOTACION,Gas y Petroleo del Neuquen S.A.,Gas y Petr肇eo del Neuqu輹 S.A. (100.00%),OILSTONE ENERGIA S.A.,89.66,48.46937243,ZNI,OILS,,,152,,180,56.87492639,,,Dec.Prov.1826/2015,2015/01/01,2039/12/31
552290.394637422,5764364.24697662,A116,LOMA JARILLOSA ESTE - PUESTO SILVA OESTE,LOMA JARILLOSA ESTE,CONCESION DE EXPLOTACION,Pluspetrol S.A.,Pluspetrol S.A (100%),PLUSPETROL S.A.,49.97,24.49869625,LJE,,,,146,,181,21.9462694,RENEGOCIADA 2615,,Dec.Adm.216/1997 - Dec.Prov.2100/2009,1992/05/23,2027/05/22
440598.881081369,5873093.36499384,A089,FILO MORADO,,CONCESION DE EXPLOTACION,YPF S.A.,YPF S.A (100%),YPF S.A.,166.52,166.41559471,FIM,YPF,,SI,111,,183,54.99250084,RENEGOCIADA 2615,,Ley Prov.2615 - Dec.Prov.2124/2008,1992/11/15,2027/11/14
462271.848494669,5628450.41017481,A082,EL SAUCE,,CONCESION DE EXPLOTACION,Central International Corp. Suc. Argentina - Compa牆a General de Combustible S.A.,Central International Corp. Suc. Argentina  (50%) - Compa牆a General de Combustible S.A. (50%),ENERG페 COMPA헬A PETROLERA S.A.,322.89,322.9708232,ELS,CIC,EL SAUCE,SI,107,,184,98.96144438,RENEGOCIADA 2615,,,1990/09/06,2025/09/05
543760.985351321,5841551.13736968,A072,DOS PICOS,,CONCESION DE EXPLOTACION,Medanito S.A.,Medanito S.A (100%),MEDANITO S.A.,29.59,29.5929,DPI,MSA,,SI,095,,185,22.97339869,,,Dec.Nac.1981/1994 - Dec.Nac.1695/1996,1996/06/18,2021/07/17
488652.242480174,5667105.34056742,A070,DOS HERMANAS,BLOQUE I,CONCESION DE EXPLOTACION,Oilstone Energ眼 S.A.,Oilstone Energ眼 S.A. (100%),OILSTONE ENERGIA S.A.,208.77,124.54429581,DHA,OILS,,,093,,186,60.71025306,,,Dec.Prov.149/03,2003/12/31,2028/12/31
512694.7920297,5669362.4603867,A070,DOS HERMANAS,BLOQUE II,CONCESION DE EXPLOTACION,Oilstone Energ眼 S.A.,Oilstone Energ眼 S.A. (100%),OILSTONE ENERGIA S.A.,208.77,83.88040656,DHA,OILS,,,094,,191,48.29250207,,,Dec.Prov.149/03,2003/12/31,2028/12/31
436930.20614154,5682211.45724408,A020,ANTICLINAL CAMPAMENTO,,CONCESION DE EXPLOTACION,Oilstone Energ眼 S.A.,Oilstone Energ眼 S.A. (100%),OILSTONE ENERGIA S.A.,320.83,325.95461212,ANC,OILS,,NO,026,,197,76.19882674,RENEGOCIADA 2615,,Dec.Nac.89/1991 - Dec.Prov.606/2009,1991/01/22,2026/01/21
501150.696412964,5667112.15432087,A012,AL SUR DE LA DORSAL,BLOQUE I,CONCESION DE EXPLOTACION,Oilstone Energ眼 S.A.,Oilstone Energ眼 S.A. (100%),OILSTONE ENERGIA S.A.,738,336.23100393,SDD,OILS,,NO,018,,198,130.20751442,RENEGOCIADA 2615,,Dec.Nac.2166/1991 - Dec.Prov.606/2009,1991/10/26,2026/10/25
487836.288756358,5674990.50725591,A150,PUESTO ROA,,SIN CONTRATO,Gas y Petroleo del Neuquen S.A.,,,44.04,44.04406843,PROA,,,SI,186,,201,37.23450205,U.T.E.,,Dec.Prov.92/2011,,
520785.380429278,5660349.73481205,A029,BORDE DEL LIMAY,,SIN CONTRATO,Gas y Petroleo del Neuquen S.A.,,,368.31,368.20126687,BDLI,,,NO,040,,203,142.78821321,U.T.E.,,Dec.Prov.134/2010,,
508703.091330615,5661865.30680447,A134,LOS VERTICES,,SIN CONTRATO,Gas y Petroleo del Neuquen S.A.,,,59.1,59.08759818,LOVE,,,SI,166,,204,31.61308649,U.T.E.,,Dec.Prov.134/2010,2010/02/15,2014/02/14
521391.642917868,5680818.95974376,A108,LA VIA I,,SIN CONTRATO,Gas y Petroleo del Neuquen S.A.,,,50.96,51.94559631,LVIA,,,,132,,206,74.83050686,ASIGNADAS A G&P,,Dec.Prov.1757/2012,1899/12/30,1899/12/30
506184.15182779,5822491.263139,A109,LAS MANADAS,,CONCESION DE EXPLOTACION,YPF S.A. (100%),YPF S.A (100%),YPF S.A.,85,84.93683131,LSMA,YPF,CALANDRIA MORA,NO,134,,208,50.38050166,,,Dec.Prov.1509/2006,2006/08/18,2031/08/17
517987.808892527,5836680.58316887,A069,DON RUIZ,,CONCESION DE EXPLOTACION,YPF S.A.,YPF S.A (100%),YPF S.A.,109.12,109.21658618,DRU,YPF,,NO,092,,209,78.44200967,,,Dec.Adm..379/2005 - Dec.Prov.1740/2012,2005/07/18,2030/07/17
493012.938419127,5694428.56283862,A068,DADIN,BLOQUE II,CONCESION DE EXPLOTACION MINERA,YPF S.A.,YPF S.A. (100%),YPF S.A.,55.56,4.8444175,DAD,,,,089,,210,19.94969757,,,,1931/11/02,2099/11/01
463837.829143081,5704061.71592245,A009,AGUADA VILLANUEVA,,CONCESION DE EXPLOTACION,YPF S.A. (50%) - Pluspetrol S.A. (50%),YPF S.A. (50%) - Pluspetrol S.A (50%),PLUSPETROL S.A.,281,281.12976459,AVI,APEA,,NO,015,,214,96.40600355,RENEGOCIADA 2615,,Dec.Prov.606/2009,1991/08/17,2026/08/16
490596.669497604,5695203.17254268,A068,DADIN,BLOQUE I,CONCESION DE EXPLOTACION MINERA,YPF S.A.,YPF S.A. (100%),YPF S.A.,55.56,45.06279556,DAD,,,,090,,215,55.12846595,,,,1931/11/02,2099/11/01
532126.7380032,5846024.17262299,A014,APON,BLOQUE II,SIN CONTRATO,,,,200.35,89.60708589,,,,NO,027,,216,45.07925799,CONTRATO,,,,2014/03/04
427028.069888082,5853106.29279388,A130,LOS TOLDOS III,,SIN CONTRATO,Gas y Petroleo del Neuquen S.A.,,,25.64,25.66208037,,,,SI,160,,220,26.29154956,,,Dec.Prov.333/2017,,
408381.267920452,5692646.07949966,A016,REVERSION EL CORTE,,REVERSION,Ciudad de Zapala,,,143.85,163.30179903,,,,NO,193,,232,77.3995,,,,1899/12/30,1899/12/30
415476.791022275,5703359.54055411,A060,COVUNCO NORTE SUR,BLOQUE II,LOTE BAJO EVALUACION,Gas y Petroleo del Neuquen S.A.,"Gas y Petroleo del Neuquen S.A (10%) - Argenta Energia Argentina (66,24%) - Esquistos del Sur S.A (23,73%)",ARGENTA ENERGIA S.A.,336,112.5056682,Z041,AESA,,,082,,233,117.16838205,U.T.E.,,Dec.Prov.2987/2014,2014/04/22,2019/04/21
413074.039520381,5709503.76940802,A015,REVERSION COVUNCO NORTE - RIM 10,,REVERSION,,,,27.23,26.48181679,,,,NO,191,,234,0,,,,1899/12/30,1899/12/30
427416.906701242,5712515.78268414,A060,COVUNCO NORTE SUR,BLOQUE I,LOTE BAJO EVALUACION,Gas y Petroleo del Neuquen S.A.,"Gas y Petroleo del Neuquen S.A (10%) - Argenta Energia Argentina (66,24%) - Esquistos del Sur S.A (23,73%)",ARGENTA ENERGIA S.A.,336,222.99185344,Z041,AESA,,,083,,239,117.16838205,U.T.E.,,Dec.Prov.2987/2014,2014/04/22,2019/04/21
501333.658467342,5773348.75913556,A022,BAJADA DE A헨LO,,CONCESION DE EXPLOTACION NO CONVENCIONAL,YPF S.A. - Shell Argentina S.A.,YPF S.A.(50%) - Shell Argentina S.A. (50%),SHELL ARGENTINA S.A.,204.47,203.58305693,BANE,YPF,,SI,030,,246,104.68568623,,,Dec.Prov.2963/2014,2014/12/19,2049/12/18
484597.397543894,5645190.13007147,A043,CERRO VAGON,,SIN CONTRATO,Gas y Petroleo del Neuquen S.A.,,,379.94,380.42394212,QCVA,,CERRO VAGON,NO,061,,249,166.29823615,CONTRATO DE SERVICIO,,Dec.Prov.345/2013,2013/03/25,2017/03/24
499820.449297323,5650433.27338533,A183,SANTO TOMAS,,SIN CONTRATO,Gas y Petroleo del Neuquen S.A.,,,300,300.39877421,,,CERRO VAGON,NO,209,,250,166.29823615,ASIGNADAS A G&P,,Dec.Prov.345/13,1899/12/30,1899/12/30
509988.522921219,5701120.3807374,A002,AGUADA BAGUALES,,CONCESION DE EXPLOTACION,Geopark Argentina S.A.U.,Geopark Argentina S.A.U.(100%),GEOPARK ARGENTINA LTD.,178.14,177.92153918,BAG,GAL,,SI,002,,252,58.79695857,RENEGOCIADA 2615,,Dec.Nac.1758/1990 - Dec.Prov.2100/2008,1990/09/06,2025/09/05
504343.81346762,5692075.77845523,A024,BAJO BAGUALES,,CONCESION DE EXPLOTACION,Gas y Petroleo del Neuquen S.A.,Gas y Petroleo del Neuquen S.A (100%),OILSTONE ENERGIA S.A.,274,274.25343182,BBA,OILS,,NO,032,,257,129.77563818,RENEGOCIADA 2015,,Dec.Prov.606/2009 - Dec.Prov.1826/2015,2015/01/01,2039/12/31
508971.45319855,5680843.00698822,A080,EL PORVENIR,,CONCESION DE EXPLOTACION,Geopark Argentina LTD.,Geopark Argentina LTD.(100%),GEOPARK ARGENTINA LTD.,238.4,238.05003637,POR,GAL,,SI,105,,258,77.04350011,RENEGOCIADA 2615,,Dec.Prov.1758/2010 - Dec.Prov.2100/2008,1990/09/06,2025/09/05
483752.048415102,5701656.63457893,A011,AL NORTE DE LA DORSAL,,CONCESION DE EXPLOTACION,YPF S.A.,YPF.S.A (100%),YPF S.A.,221,220.89634297,NDD,APEA,,NO,017,,259,80.92414368,RENEGOCIADA 2615,,Dec.Nac.88/1991 - Dec.Prov.606/2009,1991/01/21,2026/01/20
454992.279968318,5636755.42903191,A124,LOS ALAMOS,,SIN CONTRATO,Gas y Petroleo del Neuquen S.A.,,,139,138.64031325,LOAL,,,NO,155,,262,60.20995339,ASIGNADAS A G&P,,Dec.Prov.2684/10,1899/12/30,1899/12/30
478015.090027304,5630832.16802387,A182,LA PENINSULA,,SIN CONTRATO,Gas y Petroleo del Neuquen S.A.,,,160.63,160.6675196,RAMJ,,,NO,127,,263,176.1273684,ASIGNADAS A G&P,,Dec.Prov.2684/10,1899/12/30,1899/12/30
476457.60470887,5638242.42560558,A166,SE헤L ROCOSA,,SIN CONTRATO,Gas y Petroleo del Neuquen S.A.,,,121.04,121.01572375,SRC,,EL SAUCE,NO,213,,264,71.72073221,ASIGNADAS A G&P,,Dec.Prov.2684/10,1899/12/30,1899/12/30
331355.43133151,5534558.64137622,A128,LOS LAGOS,,SIN CONTRATO,Gas y Petroleo del Neuquen S.A.,,,6850.75,6850.75132075,LLGS,,,NO,158,,266,605.85078164,ASIGNADAS A G&P,,Dec.Prov.1757/2012,1899/12/30,1899/12/30
471535.390273297,5617401.41515276,A018,UMBRAL,,CONCESION DE EXPLOTACION,Hidenesa,Hidenesa (100%),PETROLERA PIEDRA DEL AGUILA S.A.,18.39,18.3880246,Z149,PDAG,,NO,217,,268,17.70148538,SUSPENDIDA POR FUERZA MAYOR,,Dec.Nac.4716/1998,1998/12/28,2023/12/27
466932.394349705,5619835.42211191,A153,LOS LEONES,,CONCESION DE EXPLOTACION,Petrolera Piedra del Aguila,Petrolera Piedra del Aguila (100%),PETROLERA PIEDRA DEL AGUILA S.A.,15.72,15.99125,LOLE,PDAG,,NO,159,,269,20.05363861,SUSPENDIDA POR FUERZA MAYOR,,Dec.Prov.278/2007,1999/07/26,2024/07/25
436606.278526483,5827014.75333544,A123,LOMA RANQUELES,,LOTE BAJO EVALUACION,Gas y Petroleo del Neuquen S.A.,Gas y Petroleo del Neuquen S.A (10%) - Tecpetrol S.A (65%) - Energicon S.A.(25%),TECPETROL S.A.,134.67,135.4047045,LRAN,,,SI,154,,274,47.999,U.T.E.,,Dec.Prov.2366/2015,2017/08/16,2020/06/15
436343.976213008,5854922.57921738,A063,CURAMHUELE,,LOTE BAJO EVALUACION,Gas y Petroleo del Neuquen S.A.,Gas y Petroleo del Neuquen S.A (10%) - Madalena Energy Argentina S.R.L. (90%),MADALENA ENERGY ARG. S.R.L.,227.48,227.47568532,CURA,MAD,,SI,085,,275,76.54576779,U.T.E.,,Dec.Prov.2482/2015,2019/03/10,2021/03/09
415019.745142284,5846063.30915043,A262,LOS TOLDOS IV,,SIN CONTRATO,Gas y Petroleo del Neuquen S.A.,,,84.07,84.06983,,,,SI,161,,276,49.50000076,,,Dec.Prov.333/2017,,
489995.155262319,5769551.90111022,A005,AGUADA DE LA ARENA,,CONCESION DE EXPLOTACION,YPF S.A.,YPF (100%),YPF S.A.,111,109.41844759,AGA,PBE,,SI,008,,280,51.17626064,RENEGOCIADA 2615,,Dec.Prov.2440/2008,2001/08/11,2036/08/10
461660.789441378,5655867.6485734,A115,LOMA DEL MOJON,,SIN CONTRATO,Gas y Petroleo del Neuquen S.A.,,,249,248.70087937,LDMJ,,,SI,143,,282,78.75473069,ASIGNADAS A G&P,,Dec.Prov.727/2017,1899/12/30,1899/12/30
499066.764956415,5746212.20841899,A102,LA RIBERA I y II,BLOQUE I,CONCESION DE EXPLOTACION NO CONVENCIONAL,YPF S.A.,YPF S.A. (100%),YPF S.A.,83,21.85250401,LRIB,,,,128,,283,21.45651377,,,Dec.Prov.1732/2016,2016/11/25,2051/11/24
455589.664315249,5683843.84677152,A012,AL SUR DE LA DORSAL,BLOQUE IV,CONCESION DE EXPLOTACION,Oilstone Energ眼 S.A.,Oilstone Energ眼 S.A. (100%),OILSTONE ENERGIA S.A.,738,89.49474056,SDD,OILS,,NO,019,,285,47.19300585,RENEGOCIADA 2615,,Dec.Nac.2166/1991 - Dec.Prov.606/2009,1991/10/26,2026/10/25
441658.180841371,5649062.96287717,A143,PASO AGUERRE,,CONCESION DE EXPLOTACION,Ingenieria Sima S.A.,Ingenieria Sima S.A (100%),INGENIERIA SIMA S.A.,112.88,111.30513975,Y012,ISIM,,NO,180,,286,63.10264033,,,Dec.Prov.1733/2007,1997/09/17,2022/02/08
502400.434377092,5848990.51955019,A003,AGUADA CHIVATO-AGUADA BOCAREY,,CONCESION DE EXPLOTACION,Medanito S.A.,Medanito S.A (100%),MEDANITO S.A.,109.96,109.97017204,AGZ,MSA,,SI,004,,287,50.69163199,,,Dec.Nac.1881/1994 - Dec.Nac.1695/1996,1996/06/18,2021/06/17
524559.678056354,5836652.51815739,A164,SE헤L CERRO BAYO,,CONCESION DE EXPLOTACION,YPF S.A.,YPF S.A (100%),YPF S.A.,72,71.98946675,CBY,YPF,,SI,211,,288,33.99800331,RENEGOCIADA 2615,,Ley 2615 - Dec.Prov.2124/2008,1992/11/15,2027/11/14
494471.421101138,5720202.10364306,A136,MESETA BUENA ESPERANZA,,CONCESION DE EXPLOTACION,YPF S.A. - Pluspetrol S.A.,YPF S.A. (50.00 %) - Pluspetrol S.A. (50.00 %),PLUSPETROL S.A.,303,303.44105068,MBE,APEA,,SI,169,,293,86.78802508,RENEGOCIADA 2615,,Dec.Prov.606/2009,1992/07/21,2027/07/20
523523.275474599,5674542.78462955,A139,OJO DE AGUA,,CONCESION DE EXPLOTACION,Oilstone Energ眼 S.A.,Oilstone Energ眼 S.A. (100%),OILSTONE ENERGIA S.A.,7.31,7.31324512,ODA,OILS,,NO,172,,296,10.84925069,,,Dec.Prov.700/2003,2007/02/09,2032/02/08
520064.852152899,5690604.24967614,A137,NEUQUEN DEL MEDIO,,CONCESION DE EXPLOTACION,Gas y Petroleo del Neuquen S.A.,Gas y Petr肇eo del Neuqu輹 S.A. (100.00%),OILSTONE ENERGIA S.A.,47.99,47.99050143,NME,OILS,,NO,170,,297,27.99750246,,,Dec.Nac.2173/1991 - Dec.Prov.1826/2015,2015/01/01,2039/12/31
467388.677395262,5693884.51426647,A120,LOMA NEGRA NI,BLOQUE III,CONCESION DE EXPLOTACION,Gas y Petroleo del Neuquen S.A.,Gas y Petr肇eo del Neuqu輹 S.A. (100.00%),OILSTONE ENERGIA S.A.,89.66,24.21581512,ZNI,OILS,,,153,,298,24.52611553,,,Dec.Prov.1826/2015,2015/01/01,2039/12/31
493072.646322294,5669613.26570341,A012,AL SUR DE LA DORSAL,BLOQUE V,CONCESION DE EXPLOTACION,Oilstone Energ眼 S.A.,Oilstone Energ眼 S.A. (100%),OILSTONE ENERGIA S.A.,738,11.999,SDD,OILS,,NO,020,,299,13.9995,RENEGOCIADA 2615,,Dec.Nac.2166/1991 - Dec.Prov.606/2009,1991/10/26,2026/10/25
516414.742226921,5664870.96378969,A012,AL SUR DE LA DORSAL,BLOQUE VII,CONCESION DE EXPLOTACION,Oilstone Energ眼 S.A.,Oilstone Energ眼 S.A. (100%),OILSTONE ENERGIA S.A.,738,26.31986993,SDD,OILS,,NO,021,,300,24.06903783,RENEGOCIADA 2615,,Dec.Nac.2166/1991 - Dec.Prov.606/2009,1991/10/26,2026/10/25
513566.380570964,5674561.90236675,A012,AL SUR DE LA DORSAL,BLOQUE III,CONCESION DE EXPLOTACION,Oilstone Energ眼 S.A.,Oilstone Energ眼 S.A. (100%),OILSTONE ENERGIA S.A.,738,93.03320668,SDD,OILS,,NO,022,,301,46.0017561,RENEGOCIADA 2615,,Dec.Nac.2166/1991 - Dec.Prov.606/2009,1991/10/26,2026/10/25
489572.421499475,5652373.62958985,A012,AL SUR DE LA DORSAL,BLOQUE VI,CONCESION DE EXPLOTACION,Oilstone Energ眼 S.A.,Oilstone Energ眼 S.A. (100%),OILSTONE ENERGIA S.A.,738,55,SDD,OILS,,NO,023,,302,31,RENEGOCIADA 2615,,Dec.Nac.2166/1991 - Dec.Prov.606/2009,1991/10/26,2026/10/25
470941.882063,5784141.67747968,A167,SIERRA CHATA,,CONCESION DE EXPLOTACION NO CONVENCIONAL,Mobil Argentina S.A. - Pampa Energia S.A.,"Mobil Argentina S.A  - Pampa Energia S.A (45,5523%)",PAMPA ENERGIA S.A.,865.56,867.0779222,CHH,PAM,,SI,067,,303,126.03462824,,,Dec.Nac.824/1995 - Dec.Prov.215/2017,1995/06/21,2053/06/26
464160.468471236,5615662.05077859,A146,PICUN LEUFU BLOQUE II,,SIN CONTRATO,Gas y Petroleo del Neuquen S.A.,,,51.4,51.39165481,PILE,,,NO,182,,307,35.74164535,ASIGNADAS A G&P,,Dec.Prov.1757/2012,1899/12/30,1899/12/30
503452.493802162,5673336.79631743,A257,LA VIA II,,SIN CONTRATO,Gas y Petroleo del Neuquen S.A.,,,13.14,14.03399587,LVIA,,,,133,,311,17.4675,ASIGNADAS A G&P,,Dec.Prov.1757/2012,1899/12/30,1899/12/30
419194.06637513,5593680.63059746,A049,CHINA MUERTA,,SIN CONTRATO,Gas y Petroleo del Neuquen S.A.,,,299.15,299.154467,QCHMU,,,NO,066,,314,87.80118937,ASIGNADAS A G&P,,Dec.Prov.2684/10,1899/12/30,1899/12/30
503620.666909761,5693981.39542546,A068,DADIN,BLOQUE III,CONCESION DE EXPLOTACION MINERA,YPF S.A.,YPF S.A. (100%),YPF S.A.,55.56,5.664205,DAD,,,,091,,317,14.98356261,,,,1931/11/02,2099/11/01
481884.687172216,5828949.72296652,A099,LA ESCALONADA,,CONCESION DE EXPLOTACION NO CONVENCIONAL,Gas y Petroleo del Neuquen S.A.,Gas y Petroleo del Neuquen S.A (10%) - Total Austral S.A. Suc.Arg.(45%) - SHELL Argentina S.A. (45%),TOTAL AUSTRAL S.A.,239,242.24311837,LAES,TAU,LA INVERNADA,SI,124,,318,92.44485132,U.T.E.,,Dec.Prov.191/2016,2016/02/26,2051/02/25
515078.794378099,5847887.04878883,A014,APON,BLOQUE I,SIN CONTRATO,,,,200.35,110.85381995,,,,NO,028,,322,57.68478767,CONTRATO,,,,2014/03/04
538414.083439139,5813026.95512152,A173,VETA ESCONDIDA,,CONCESION DE EXPLOTACION,Pampa Energia S.A,Pampa Energia S.A (55%) - Total Austral (45%),PAMPA ENERGIA S.A.,164.98,165.53546872,VET,PAM,,SI,218,,323,51.67469142,,,Dec.Prov.2240/2008,1992/07/28,2027/07/27
499096.409723722,5732486.40951181,A092,FORTIN DE PIEDRA,BLOQUE II,CONCESION DE EXPLOTACION NO CONVENCIONAL,Tecpetrol S.A. (100%),Tecpetrol S.A (100%),TECPETROL S.A.,248.17,65.41032092,FOR,,,,114,Area de desarrollo masivo,325,43.75900729,,,Dec.Prov.1055/2016,2016/07/29,2051/07/28
457089.016926337,5868062.95717966,A091,FONDO DE LA LEGUA,BLOQUE II,CONCESION DE EXPLOTACION,San Jorge Petroleum S.A. (100%),San Jorge Petroleum S.A (100%),SAN JORGE PETROLEUM S.A.,157.39,52.08340655,FDLL,,,,112,,326,41.18722634,,,Dec.Prov.2225/2006,2006/12/06,2031/12/05
482081.828979788,5796038.08224653,A078,EL OREJANO,,CONCESION DE EXPLOTACION NO CONVENCIONAL,YPF S.A.- PBB Polisur SRL.,YPF S.A (50%) - PBBPolisur SRL. (50%),YPF S.A.,44.9,44.9062775,ELOR,YPF,SAUZALITO,SI,103,Area de desarrollo masivo,327,30.26325115,CONTRATO,,Dec.Prov.280/2014,2012/03/04,2037/03/03
470025.620492811,5692933.85362083,A055,COLLON CURA Bloque I,,CONCESION DE EXPLOTACION,Gas y Petroleo del Neuquen S.A.,Gas y Petroleo del Neuquen S.A (100%),OILSTONE ENERGIA S.A.,8.94,8.94249668,Z039,OILS,,,077,,328,26.25627324,,,Dec.Prov.624/2010,2015/01/01,2039/12/31
392257.092418737,5845366.19098528,A171,TAQUIMILAN,,SIN CONTRATO,Gas y Petroleo del Neuquen S.A.,,,455.07,455.07192412,QTQN,,CA헤DON DEL PUMA,NO,215,,336,86.56900467,ASIGNADAS A G&P,,Dec.Prov.2684/10,1899/12/30,1899/12/30
432438.17596476,5873031.56516991,A004,PAMPA TRILL,,SIN CONTRATO,Gas y Petroleo del Neuquen S.A.,,,117.32,117.32317347,Z044,,EL CHURQUI,NO,177,,337,46.66486859,ASIGNADAS A G&P,,Dec.Prov.2684/10,1899/12/30,1899/12/30
424432.5136821,5873028.71565033,A088,FALDEOS DEL TROMEN,,SIN CONTRATO,Gas y Petroleo del Neuquen S.A. (100%),,,262.74,277.03742232,FDTR,,,NO,110,,338,79.82528829,ASIGNADAS A G&P,,Dec.Prov.2684/10,1899/12/30,1899/12/30
463710.573560035,5852477.64368923,A085,EL TRAPIAL - CURAMCHED,,CONCESION DE EXPLOTACION,Chevron Energia S.R.L.,Chevron Energia S.R.L.(100%),CHEVRON ARGENTINA SRL,448.97,448.98084169,HUA,CHE,,SI,108,,340,112.7809758,RENEGOCIADA 2615,,Dec.Prov.2268/2011 - 2019-Dec.2332-Cesi蚤 de CFI del 15% de su participaci蚤 sobre 複 痙ea a CHEVRON ARGENTINA S.R.L,1992/06/24,2032/12/13
474302.820771773,5620387.88543226,A027,RAMOS MEXIA,,SIN CONTRATO,Gas y Petroleo del Neuquen S.A.,,,79.6,39.11800703,RAMJ,,,NO,189,,341,36.07816284,ASIGNADAS A G&P,,Dec.Prov.295/11,1899/12/30,1899/12/30
551266.132844139,5698364.86119845,A001,AGUA DEL CAJON,,CONCESION DE EXPLOTACION NO CONVENCIONAL,Capex S.A.,Capex S.A (100%),CAPEX S.A.,355.04,355.99130968,CAO,APS,,NO,001,,345,85.13822533,RENEGOCIADA 2615,,Dec. Nac. 43/1991 - Dec. Prov. 773/2009,2017/04/17,2052/04/16
506409.187157331,5825470.2547261,A174,VOLCAN AUCA MAHUIDA,,CONCESION DE EXPLOTACION,YPF S.A.,YPF S.A (100%),YPF S.A.,255.22,256.73279162,VOL,YPF,,NO,219,,346,83.68722279,,,Dec.Adm.25/2001,2001/03/08,2026/03/07
512225.172343372,5837590.5570977,A240,LA TROPILLA I,,PERMISO DE EXPLORACION NO CONVENCIONAL,Gas y Petroleo del Neuquen S.A.,Gas y Petroleo del Neuquen S.A (10%) - Petrolera El Trebol (90%),PETROLERA EL TREBOL S.A.,48.65,49.54159087,LTRO,,,SI,130,,347,30.79056167,U.T.E.,,Dec.Prov.727/2017 - Dec.515/18,2018/04/27,2026/04/26
457463.199406925,5735798.39500527,A076,EL MANGRULLO,,CONCESION DE EXPLOTACION NO CONVENCIONAL,ENIM  - Ente autartico intermunicipal,Pampa Energia S.A (100%),PAMPA ENERGIA S.A.,193.93,190.82439262,GRU,PAM,,NO,101,,199,72.62803841,,,Ley Nac.2206,2000/01/26,2053/06/17
538371.087204971,5795332.40379571,A154,RINCON DE ARANDA,,CONCESION DE EXPLOTACION,Pampa Energia S.A. - Total Austral S.A.,Pampa Energia S.A (55%) Total Austral S.A (45%),PAMPA ENERGIA S.A.,239.39,240.38415818,RDA,PAM,,SI,195,,238,72.76921723,RENEGOCIADA 2015,,Dec.Prov.1287/1992,1992/07/21,2027/07/20
523843.904982137,5782528.40447979,A013,AGUADA FEDERAL,,CONCESION DE EXPLOTACION NO CONVENCIONAL,Wintershall Dea Argentina S.A - ConocoPhillips Argentina Ventures S.R.L.,Wintershall Dea Argentina S.A.(50%) - ConocoPhillips Argentina Ventures S.R.L. (50%),WINTERSHALL DEA ARGENTINA S.A.,97.36,97.38264241,AGFD,GPNE,,SI,011,,260,101.19428622,U.T.E.,,Dec.Prov.128/2015 - 2019-Dec.2304-Aprobaci蚤 de la Tercer Adenda al contrato de Uni蚤 Transitoria de Empresas,2015/12/21,2054/10/10
455292.041792259,5663318.90227618,A012,AL SUR DE LA DORSAL,BLOQUE II,CONCESION DE EXPLOTACION,Oilstone Energ眼 S.A.,Oilstone Energ眼 S.A. (100%),OILSTONE ENERGIA S.A.,738,126.02210587,SDD,OILS,,NO,024,,190,62.95231319,RENEGOCIADA 2615,,Dec.Nac.2166/1991 - Dec.Prov.606/2009,1991/10/26,2026/10/25
448987.168696181,5694383.89600433,A039,CERRO BANDERA,,CONCESION DE EXPLOTACION,Oilstone Energ眼 S.A.,Oilstone Energ眼 S.A. (100.00%),OILSTONE ENERGIA S.A.,249.9,249.48058793,CBA,OILS,,NO,054,,228,88.4940564,RENEGOCIADA 2015,,Ley Nac.24145 - Dec.Prov.2124/2008,1992/11/15,2027/11/14
484959.530597353,5693815.33802768,A138,OCTOGONO,,CONCESION DE EXPLOTACION,YPF S.A.,YPF S.A (100%),YPF S.A.,72.28,72.321682,OCT,YPF,,SI,171,,306,41.35721873,RENEGOCIADA 2615,,Ley 2615 - Ley 2124/2008,1192/11/15,2027/11/14
422446.579783333,5647886.84499089,A172,TOTORAL,,SIN CONTRATO,,,,813.35,807.90712161,TOTO,,,SI,216,,281,207.02785062,,,Dec.Prov.2367/2015,2007/09/20,2017/09/19
403004.766224111,5640409.58949839,A188,MALLIN DEL OVERO,,SIN CONTRATO,Gas y Petroleo del Neuquen S.A.,,,131.28,131.96045062,,,TOTORAL,NO,167,,281,207.02785062,ASIGNADAS A G&P,,Dec.Prov.2714/13,1899/12/30,1899/12/30
420550.549713272,5667877.47495667,A185,CARRO QUEBRADO,,SIN CONTRATO,Gas y Petroleo del Neuquen S.A.,,,243.35,242.81883967,,,TOTORAL,NO,043,,281,207.02785062,ASIGNADAS A G&P,,Dec.Prov.2714/13,1899/12/30,1899/12/30
420644.686450162,5619921.42455801,A175,YERBA BUENA,,SIN CONTRATO,Gas y Petroleo del Neuquen S.A.,,,1173.68,1177.90030736,Z072,,,SI,220,,261,180.36329854,U.T.E.,,Dec.Prov.2367/15,1899/12/30,1899/12/30
396107.200725399,5628800.75442005,A186,CUYIN GRANDE,,SIN CONTRATO,Gas y Petroleo del Neuquen S.A.,,,225.23,221.62115677,,,YERBA BUENA,NO,088,,261,180.36329854,ASIGNADAS A G&P,,Dec.Prov.2714/13,1899/12/30,1899/12/30
434576.47824944,5591519.69937881,A187,LOMA DE LAS PIEDRAS,,SIN CONTRATO,Gas y Petroleo del Neuquen S.A.,,,469.42,477.96520163,,,BAJADA COLORADA,NO,141,,218,314.67195473,ASIGNADAS A G&P,,Dec.Prov.2714/13,1899/12/30,1899/12/30
407057.567963428,5667729.22598029,A190,CERRO MANCHADO,,SIN CONTRATO,Gas y Petroleo del Neuquen S.A.,,,508.6,514.32312989,,,CNQ-14/A - ZAPALA,NO,057,,187,369.02488974,ASIGNADAS A G&P,,Dec.Prov.442/14,1899/12/30,1899/12/30
392013.649340888,5640388.85495608,A052,CNQ-14/A - ZAPALA,BLOQUE III,SIN CONTRATO,,,,734.7,181.0266978,Z025,,,,070,,187,369.02488974,,,Res.Prov.11/2011,2012/11/05,2014/11/05
423881.278216729,5689581.80519116,A052,CNQ-14/A - ZAPALA,BLOQUE I,SIN CONTRATO,,,,734.7,322.04800424,Z025,,,,071,,187,369.02488974,,,Res.Prov.11/2011,2012/11/05,2014/11/05
435163.467935734,5666738.4415074,A052,CNQ-14/A - ZAPALA,BLOQUE II,SIN CONTRATO,,,,734.7,226.43607611,Z025,,,,072,,187,369.02488974,,,Res.Prov.11/2011,2012/11/05,2014/11/05
444467.037754422,5666857.1434394,A189,RINCON DEL AGUILA,,SIN CONTRATO,Gas y Petroleo del Neuquen S.A.,,,229.5,234.10660037,,,CNQ-14/A - ZAPALA,NO,196,,187,369.02488974,ASIGNADAS A G&P,,Dec.Prov.442/14,1899/12/30,1899/12/30
451903.252697789,5814294.65722958,A194,PARVA NEGRA OESTE,,PERMISO DE EXPLORACION NO CONVENCIONAL,Gas y Petroleo del Neuquen S.A.,Capex S.A. (90 %) - Gas y Petroleo del Neuquen S.A. (10 %),CAPEX S.A.,143.42,143.42941347,,,PARVA NEGRA,NO,179,,228,110.06992923,,,Dec.Prov.575/14 - Dec.2499/19,2019/11/22,2027/11/21
451903.314931031,5803774.35259672,A192,LOMA ANCHA,,PERMISO DE EXPLORACION,Gas y Petroleo del Neuquen S.A.,Gas y Petroleo del Neuquen S.A (5%) - Tecpetrol S.A. (95%),TECPETROL S.A.,142.74,143.42436075,LOAN,TPT,PARVA NEGRA,SI,139,,228,110.06992923,U.T.E.,,Dec.Prov.2791/2014,2014/12/13,2018/12/12
407990.669796984,5710766.19443401,A196,EL CORTE Bloque I,,REVERSION,,,,91,89.32242062,,,,NO,099,,241,77.3995,,,Dec.Prov.2988/2014,1899/12/30,2014/05/11
431971.591102633,5701583.06502529,A075,EL CORTE,,SIN CONTRATO,Gas y Petroleo del Neuquen S.A. (100%),,,164,167.09718064,Z045,,,SI,098,,241,77.3995,U.T.E.,,Dec.Prov.2988/2014,,
416628.093380931,5692451.82641861,A258,EL CORTE Bloque II,,REVERSION,,,,79,78.29298749,,,,NO,100,,241,77.3995,,,Dec.Prov.2988/2014,1899/12/30,2014/05/11
550650.60715468,5714880.38645829,A112,LINDERO ATRAVESADO,,CONCESION DE EXPLOTACION NO CONVENCIONAL,Pan American Energy S.L. (Suc.Argentina) - YPF S.A.,Pan American Energy S.L. (Suc.Argentina) (62.50%) - YPF S.A (37.50%),PAN AMERICAN ENERGY SL SUC. ARG.,509.39,510.32016348,LAT,PAL,,SI,137,,255,102.38070304,PROVINCIA DEL NEUQUEN,,Dec.Prov.1540/2015,2015/07/16,2050/07/15
500995.102944837,5779430.63838102,A198,BANDURRIA NORTE,,CONCESION DE EXPLOTACION NO CONVENCIONAL,Wintershall  Dea Argentina S.A.,Wintershall  Dea Argentina S.A. (50%) ConocoPhillips Argentina Ventures S.R.L.(50%),WINTERSHALL DEA ARGENTINA S.A.,107,107.01257103,BNDN,,BANDURRIA,SI,037,,247,121.36482601,CONTRATO,,Dec.Prov.1542/2015 - 2019-Dec.2249-Cesi蚤 50% participaci蚤 a ConocoPhillips Argentina Ventures S.R.L.,2015/07/16,2050/07/15
512741.289695208,5776202.68982998,A199,BANDURRIA CENTRO,,CONCESION DE EXPLOTACION NO CONVENCIONAL,Pan American Energy S.L. (Suc. Argentina),Pan American Energy S.L. (Suc.Argentina) (100%),PAN AMERICAN ENERGY SL SUC. ARG.,130,129.25759011,BNDC,PAL,BANDURRIA,SI,036,,247,121.36482601,,,Dec.Prov.1543/2015,2015/07/17,2050/07/16
550900.876934152,5813255.42876195,A073,EL CARACOL NORTE,,PRESTACION DE SERVICIO,Petroleos Sudamericanos S.A. (45%) - JCR S.A. (22.50%) - Homaq S.A. (25.50%) - Gas y Petroleo del Neuquen S.A. (10%),,PETROLEOS SUDAMERICANOS S.A.,160.8,160.60882139,ECN,PSD,,SI,096,,305,55.41334822,CONTRATO DE SERVICIO,,Dec.Prov.211/2012,2012/02/14,2037/02/13
488135.613373312,5828637.45330807,A200,BAJO DEL CHOIQUE - LA INVERNADA,,CONCESION DE EXPLOTACION NO CONVENCIONAL,Gas y Petroleo del Neuquen S.A.,Gas y Petroleo del Neuquen S.A (10%) - Exxonmobil Exploration Argentina SRL (90%),EXXONMOBIL EXPLORATION ARGENTINA S.R.L.,400.27,401.89249336,BCLI,EMEA,CALANDRIA MORA-LA INVERN.-B.DEL CHOIQUE,NO,033,,271,78.1517555,U.T.E.,,Dec.Prov.2444/2015,2015/09/15,2051/09/14
482076.839126298,5686786.78254719,A204,CUTRAL CO NORTE,,CONCESION DE EXPLOTACION,Medanito S.A.,Medanito S.A (100%),MEDANITO S.A.,25.26,25.28408327,CCNO,MSA,CUTRAL CO,NO,086,,316,26.11524404,RENEGOCIADA 202/2014,,Dec.Prov.2542/2015,1991/11/12,2026/11/11
479328.803632817,5681315.79363777,A065,CUTRAL CO SUR,,CONCESION DE EXPLOTACION,Gas y Petroleo del Neuquen S.A.,Gas y Petr肇eo del Neuqu輹 S.A. (100.00%),OILSTONE ENERGIA S.A.,101.52,101.53150268,CCS,OILS,,SI,087,,315,58.71851457,,,Dec.Prov.1826/15 - dec.Prov.2755/2014,2015/01/01,2039/12/31
555961.769010828,5685479.30153104,A202,RIO LIMAY ESTE,,LOTE DE EXPLOTACION,Gas y Petroleo del Neuquen S.A.,Gas y Petroleo del Neuquen S.A (15%) - Rovella Carranza (35%) - Pampa Energia SA (50%),PAMPA ENERGIA S.A.,12.68,12.79847289,PPAM,,SENILLOSA,,202,,202,117.65127594,U.T.E.,,Dec.Prov.2541/2016,2015/12/09,2040/12/08
530197.133353529,5677326.15709566,A201,AGUADA PAVON,,SIN CONTRATO,Gas y Petroleo del Neuquen S.A. (100%),,,17.19,17.1735919,,,SENILLOSA,NO,012,,202,117.65127594,U.T.E.,,Dec.Prov.2541/2015,,
479893.242252528,5687762.79896404,A203,REVERSION CUTRAL CO,,REVERSION,,,,8.7,8.66695902,,,CUTRAL CO,NO,192,,316,26.11524404,,,Dec.Prov.2542/15,1899/12/30,1899/12/30
544436.786448747,5844295.45942853,A205,LOMA DEL COIRON,,SIN CONTRATO,Gas y Petroleo del Neuquen S.A.,,,50.98,50.94542185,,,LA TROPILLA,NO,142,,348,71.98609856,U.T.E.,,Dec.Prov.323/2016,2014/06/30,2016/06/29
544731.954953556,5835884.34385576,A235,LA TROPILLA II,,PERMISO DE EXPLORACION NO CONVENCIONAL,Gas y Petroleo del Neuquen S.A.,Gas y Petroleo del Neuquen S.A (10%) - Selva Mar眼 Oil S.A. (90%),SELVA MARIA OIL S.A.,40.44,40.57798686,LTR2,,,NO,131,,348,71.98609856,U.T.E.,,Dec.Prov.727/2017 - Dec.516/18,2018/04/27,2026/04/26
484774.395234162,5687960.47703527,A028,BARDA COLORADA BLOQUE I,,SIN CONTRATO,Gas y Petroleo del Neuquen S.A.,,,30.27,30.35222581,QBCO,,,NO,039,,189,63.62150755,ASIGNADAS A G&P,,Dec.Prov.2684/10,1899/12/30,1899/12/30
527646.169465328,5696758.58614355,A125,LOS BASTOS,,CONCESION DE EXPLOTACION,Tecpetrol S.A.,Tecpetrol S.A (100%),TECPETROL S.A.,367.86,366.70153437,BAS,TPT,,SI,156,,240,81.87501826,RENEGOCIADA 2615,,Dec.NAc.42/1991 - Dec.Prov.834/2010,1991/01/11,2026/01/11
534967.272425521,5697848.39049646,A206,PUNTA SENILLOSA,,CONCESION DE EXPLOTACION NO CONVENCIONAL,Tecpetrol S.A. (100%),Tecpetrol S.A (100%),TECPETROL S.A.,24.39,24.38984035,PUSE,TPT,,NO,188,,240,81.87501826,,,Dec.Prov.1054/2016,2016/07/29,2051/07/28
546916.6016481,5749248.57893374,A207,COIRON AMARGO SUR OESTE,,CONCESION DE EXPLOTACION NO CONVENCIONAL,Gas y Petroleo del Neuquen S.A.,Shell Argentinas S.A. (80%) - Vista Oil & Gas Argentina S.A.U (10%) - Gas y Petroleo del Neuqu輹 S.A. (10%),SHELL ARGENTINA S.A.,66.53,66.64468016,CAOS,,COIRON AMARGO,NO,076,Area de desarrollo masivo,256,119.1627212,U.T.E.,,Dec.Prov.1363/2016,2016/10/07,2053/09/24
548717.407217122,5734107.93270995,A168,SIERRAS BLANCAS,,CONCESION DE EXPLOTACION NO CONVENCIONAL,Gas y Petroleo del Neuquen S.A.,Gas y Petroleo del Neuquen (10%) - Shell Argentina S.A.(90%),SHELL ARGENTINA S.A.,166.3,168.3549443,SBLA,OGDV,,SI,214,Area de desarrollo masivo,344,68.07822859,U.T.E.,,Dec.Prov.1717/2015,2015/08/11,2050/08/10
398623.81830469,5585989.12957255,A184,CA헤DON DE LAS HORQUETAS,,SIN CONTRATO,Gas y Petroleo del Neuquen S.A.,,,441.1,441.07084139,,,BAJADA COLORADA,NO,042,,218,314.67195473,ASIGNADAS A G&P,,Dec.Prov.2714/13,1899/12/30,1899/12/30
448655.691236156,5605109.31148518,A021,BAJADA COLORADA,,SIN CONTRATO,Gas y Petroleo del Neuquen S.A.,,,1061,1081.76055446,BCOL,,,SI,029,,218,314.67195473,ASIGNADAS A G&P,,Dec.Prov.2367/15,1899/12/30,2015/09/19
446180.543624756,5848574.79915369,A236,LOMA DEL MOLLE NORTE,,SIN CONTRATO,Gas y Petroleo del Neuquen S.A. (100%),,,195.64,192.31202996,,,,,145,,230,85.32453472,ASIGNADAS A G&P,,Dec.Prov.727/2017,1899/12/30,1899/12/30
450951.956770396,5764059.16856412,A110,AGUADA DE CASTRO,,CONCESION DE EXPLOTACION NO CONVENCIONAL,Total Austral S.A. Sucursal Argentina - YPF S.A.- Pan American Energy S.L. (Suc.Argentina),Total Austral S.A Sucursal Argentina (25%) - YPF S.A (30%) - Pan American Energy S.L. (Suc.Argentina) (45%),PAN AMERICAN ENERGY SL SUC. ARG.,163,163.55145485,AGCA,PAL,LAS TACANAS,SI,005,,342,81.38705192,U.T.E.,,,2017/07/17,2052/07/06
492821.973967692,5842287.4870249,A032,BAJO DEL TORO,,SIN CONTRATO,,,,157,156.79099378,BDTO,YPF,CALANDRIA MORA,NO,034,,321,97.60135958,,,Dec.Prov.1733/2016,,2020/11/24
505417.266610255,5843813.47800232,A237,BAJO DEL TORO ESTE,,PERMISO DE EXPLORACION NO CONVENCIONAL,Gas y Petroleo del Neuquen S.A.,Gas y Petroleo del Neuquen S.A. (10%) - Equinor Argentina B.V. (90%),EQUINOR ARGENTINA B.V.,132,133.13843359,,,,SI,035,,321,97.60135958,,,Dec.Prov.727/2017 - Dec.425/18,2018/04/13,2022/04/12
421071.937611789,5825244.21738437,A238,SALINAS DEL HUITRIN SUR,,SIN CONTRATO,Gas y Petroleo del Neuquen S.A.,,,250.4,250.1112185,,,,,205,,329,110.82152099,ASIGNADAS A G&P,,Dec.Prov.727/2017,1899/12/30,1899/12/30
430210.638571995,5839511.49727014,A159,SALINAS DEL HUITRIN,,PERMISO DE EXPLORACION NO CONVENCIONAL,YPF S.A.,YPF S.A. (100%),YPF S.A.,152,151.72321334,SDHU,APEA,REV CA헤DON DEL PUMA,NO,204,,329,110.82152099,U.T.E.,,Dec.Prov.1733/2016,2016/12/07,2024/12/06
446594.587145378,5719628.68422674,A046,CHASQUIVIL,,REVERSION,,,,123,121.13377158,CHQV,YPF,CHASQUIVIL,SI,062,,267,84.90426841,,,Dec.Prov.1733/2016,,
481595.201999417,5803098.38010858,A140,PAMPA DE LAS YEGUAS II,BLOQUE I,PERMISO DE EXPLORACION NO CONVENCIONAL,Total Austral S.A. Sucursal Argentina - YPF S.A.,Total Austral S.A Sucursal Argentina (50%) - YPF S.A (50%),TOTAL AUSTRAL S.A.,64,24.37454764,PYII,,,,173,,291,54.09589943,U.T.E.,,Dec.Prov.1431/2016,2016/12/07,2024/12/06
487571.387799381,5793762.31762275,A140,PAMPA DE LAS YEGUAS II,BLOQUE II,PERMISO DE EXPLORACION NO CONVENCIONAL,Total Austral S.A. Sucursal Argentina - YPF S.A.,Total Austral S.A Sucursal Argentina (50%) - YPF S.A (50%),TOTAL AUSTRAL S.A.,64,40.42870486,PYII,,,,174,,291,54.09589943,U.T.E.,,Dec.Prov.1431/2016,2016/12/07,2024/12/06
510041.433973629,5798529.18247824,A160,SAN ROQUE,,CONCESION DE EXPLOTACION,YPF S.A. - Total Austral S.A. - Wintershall Dea Argentina S.A. - Pan American Energy S.L. (Suc.Argentina),"YPF S.A (34,11%) - Total Austral S.A (24,71%) - Wintershall Dea  Argentina S.A (24,71%) - Pan American Energy S.L. (Suc.Argentina) (16,47%)",TOTAL AUSTRAL S.A.,1039.59,1041.7501453,SRO,TAU,,SI,206,,272,154.35463301,RENEGOCIADA 2615,,Dec.Prov.235/2009,1992/11/15,2027/11/14
483761.745648286,5858008.86104843,A260,LOS TOLDOS II ESTE,,CONCESION DE EXPLOTACION NO CONVENCIONAL,Gas y Petroleo del Neuquen S.A.,Gas y Petroleo del Neuquen (10%) - Tecpetrol S.A (90%),TECPETROL S.A.,77.8,77.7392641,LT2E,,,NO,164,,236,79.63647491,U.T.E.,,Dec.Prov.333/2017 - Dec.1392/19,2019/07/26,2054/05/11
478203.895163315,5854883.3361003,A241,LOS TOLDOS II OESTE,,CONCESION DE EXPLOTACION NO CONVENCIONAL,Gas y Petroleo del Neuquen S.A.,Gas y Petroleo del Neuquen (10%) - ExxonMobil Exploration Argentina S.R.L. (90%),EXXONMOBIL EXPLORATION ARGENTINA S.R.L.,77.7,77.73850525,LT2O,EMEA,,NO,165,,236,79.63647491,U.T.E.,,Dec.Prov.333/2017 - Dec.867/2020,2020/08/07,2055/08/06
460744.206572363,5835888.78393004,A261,LOS TOLDOS I NORTE,,CONCESION DE EXPLOTACION NO CONVENCIONAL,Gas y Petroleo del Neuquen S.A.,Gas y Petroleo del Neuquen (10%) - Tecpetrol S.A (90%),TECPETROL S.A.,202.3,202.27741355,LT1N,,,NO,162,,219,106.79299212,U.T.E.,,Dec.Prov.333/2017 - Dec.1392/19,2019/05/11,2054/05/10
466887.640038259,5824282.05434706,A242,LOS TOLDOS I SUR,,CONCESION DE EXPLOTACION NO CONVENCIONAL,Gas y Petroleo del Neuquen S.A.,Gas y Petroleo del Neuquen (10%) - Tecpetrol S.A (10%) - ExxonMobil Exploration Argentina S.R.L. (80%),EXXONMOBIL EXPLORATION ARGENTINA S.R.L.,194.8,194.79770084,LT1S,EMEA,,SI,163,,219,106.79299212,U.T.E.,,Dec.Nac.333/2017 - Dec.Prov.1757/2017 - Res.Pcial.273,2017/10/24,2052/10/23
424003.869305529,5813457.89820787,A223,CORTADERA NORTE,,SIN CONTRATO,Gas y Petroleo del Neuquen S.A.,,,187,187.10805008,,,,,080,,278,147.32060461,ASIGNADAS A G&P,,Dec.Prov.727/2017,1899/12/30,1899/12/30
422108.981318123,5801279.27559215,A224,CORTADERA SUR,,PERMISO DE EXPLORACION NO CONVENCIONAL,Gas y Petroleo del Neuquen S.A.,GyP (10%) - Selva Mar眼 Oil S.A. (90%),SELVA MAR페 OIL S.A.,182.37,182.32381284,,,,,081,,278,147.32060461,ASIGNADAS A G&P,,,2019/08/02,2027/08/01
419972.723321397,5787801.54431811,A225,HUACALERA NORTE,,PERMISO DE EXPLORACION NO CONVENCIONAL,Gas y Petroleo del Neuquen S.A.,Gas y Petroleo del Neuquen S.A (10%) - Selva Mar眼 Oil S.A. (90%),SELVA MARIA OIL S.A.,192.34,192.3360941,,,,NO,117,,277,192.51262899,,,Dec.Prov.727/2017,2018/04/27,2026/04/26
422485.995996365,5770190.73410678,A227,HUACALERA CENTRO,,SIN CONTRATO,Gas y Petroleo del Neuquen S.A.,,,195.67,195.66975831,,,,,116,,235,142.96318648,ASIGNADAS A G&P,,Dec.Prov.727/2017,1899/12/30,1899/12/30
452083.280521431,5750591.43913457,A228,AGUADA DE CASTRO OESTE Bloque I y II,BLOQUE II,PERMISO DE EXPLORACION NO CONVENCIONAL,Gas y Petroleo del Neuquen S.A.,GyP (10%) - Petrolera El Trebol (90%),PETROLERA EL TREBOL S.A.,199.9,81.96097653,,,,SI,006,,235,142.96318648,ASIGNADAS A G&P,,Dec.Prov.727/2017 - Dec.517/18,2018/04/27,2026/04/26
403860.484237411,5776573.49395929,A229,HUACALERA OESTE NORTE,,SIN CONTRATO,Gas y Petroleo del Neuquen S.A.,,,360.47,360.47306571,,,,,119,,265,155.00850216,ASIGNADAS A G&P,,Dec.Prov.727/2017,1899/12/30,1899/12/30
403860.448433668,5740813.47763739,A181,HUACALERA OESTE SUR,,SIN CONTRATO,Gas y Petroleo del Neuquen S.A.,,,449.6,449.59719602,,,,,120,,265,155.00850216,ASIGNADAS A G&P,,Dec.Prov.727/2017,1899/12/30,1899/12/30
402692.184755405,5759089.47443573,A230,HUACALERA OESTE CENTRO,,SIN CONTRATO,Gas y Petroleo del Neuquen S.A.,,,339.12,339.1225524,,,,,118,,265,155.00850216,ASIGNADAS A G&P,,Dec.Prov.727/2017,1899/12/30,1899/12/30
393047.642621982,5875145.17816517,A211,RIO BARRANCAS SUR,,SIN CONTRATO,Gas y Petroleo del Neuquen S.A.,,,1633.86,1633.96777972,,,,,201,,212,94.0920101,ASIGNADAS A G&P,,Dec.Prov.727/2017,1899/12/30,1899/12/30
393002.665589837,5908946.19097093,A213,RIO BARRANCAS CENTRO,,SIN CONTRATO,Gas y Petroleo del Neuquen S.A.,,,1445.94,1477.27224632,,,,,199,,212,94.0920101,ASIGNADAS A G&P,,Dec.Prov.727/2017,1899/12/30,1899/12/30
538759.973415717,5827220.14935531,A214,CERRO AVISPA SUR,,SIN CONTRATO,Gas y Petroleo del Neuquen S.A.,,,241.66,241.3778569,,,,NO,053,,222,139.38617091,ASIGNADAS A G&P,,Dec.Prov.727/2017,1899/12/30,1899/12/30
528408.867716091,5842678.75099608,A215,CERRO AVISPA NORTE,,SIN CONTRATO,Gas y Petroleo del Neuquen S.A.,,,228.86,228.92097808,,,,NO,052,,222,139.38617091,ASIGNADAS A G&P,,Dec.Prov.727/2017,1899/12/30,1899/12/30
426603.627320168,5732845.68145448,A216,CERRO PARTIDO NORTE,,SIN CONTRATO,Gas y Petroleo del Neuquen S.A.,,,214.02,213.92743124,,,,,059,,313,104.48296459,ASIGNADAS A G&P,,Dec.Prov.727/2017,1899/12/30,1899/12/30
415855.264046782,5721830.16026426,A217,CERRO PARTIDO OESTE,,SIN CONTRATO,Gas y Petroleo del Neuquen S.A.,,,241.72,241.73188956,,,,,060,,313,104.48296459,ASIGNADAS A G&P,,Dec.Prov.727/2017,1899/12/30,1899/12/30
432351.542324554,5720545.37761437,A218,CERRO PARTIDO ESTE,,SIN CONTRATO,Gas y Petroleo del Neuquen S.A.,,,114.26,114.26454717,,,,,058,,313,104.48296459,ASIGNADAS A G&P,,Dec.Prov.727/2017,1899/12/30,1899/12/30
426496.836838771,5740091.35790512,A255,HUACALERA SUR,,SIN CONTRATO,Gas y Petroleo del Neuquen S.A.,,,245.55,245.55207994,,,,,121,,207,152.99053051,ASIGNADAS A G&P,,Dec.Prov.727/2017,1899/12/30,1899/12/30
447057.354937087,5733402.87964959,A219,LAS TACANAS NORTE,,PERMISO DE EXPLORACION,Gas y Petroleo del Neuquen S.A.,Pampa Energia S.A. (90%) - Gas y Petroleo del Neuquen S.A (10%),PAMPA ENERGIA S.A.,119.73,119.75810047,,PAM,,,136,,207,152.99053051,ASIGNADAS A G&P,,Dec.Prov.727/2017 - Dec.Prov.2315/2018,2019/01/04,2027/01/03
441060.502915399,5730180.02583234,A220,SANTO DOMINGO I,,PERMISO DE EXPLORACION NO CONVENCIONAL,Gas y Petroleo del Neuquen S.A.,GyP (10%) - Petrolera El Trebol (90%),PETROLERA EL TREBOL S.A.,111.9,112.17299698,SDOI,,,SI,207,,207,152.99053051,ASIGNADAS A G&P,,Dec.Prov.727/2017 Dec.518/18,2018/04/27,2026/04/26
453718.580882212,5668322.78747331,A126,LOS CANDELEROS,,SIN CONTRATO,Gas y Petroleo del Neuquen S.A.,,,130.81,112.38791864,LCAN,,PIEDRA CHENQUE,SI,157,,205,98.79065953,ASIGNADAS A G&P,,Dec.Prov.727/2017,1899/12/30,1899/12/30
420970.664364357,5841591.27761971,A007,AGUADA DEL PUESTERO,,SIN CONTRATO,Gas y Petroleo del Neuquen S.A. (100%),,,1436.85,1436.85370558,ADPU,,,NO,010,,223,325.50929471,U.T.E.,,Dec.Prov.1244/2011,,2016/07/17
397361.046654873,5802087.07114951,A077,EL MOLLAR,,SIN CONTRATO,,,,1242.68,1242.67066655,EMLL,,,NO,102,,295,141.00125548,,,,1899/12/30,
449093.493095241,5705634.05864301,A221,SANTO DOMINGO II,,SIN CONTRATO,Gas y Petroleo del Neuquen S.A.,,,140.05,140.10770943,SDII,,,,208,,292,71.69892179,ASIGNADAS A G&P,,Dec.Prov.727/2017,1899/12/30,1899/12/30
443758.039205372,5712096.44793829,A222,CHASQUIVIL SUR,,SIN CONTRATO,Gas y Petroleo del Neuquen S.A.,,,100,105.59249295,,,,,063,,267,84.90426841,ASIGNADAS A G&P,,Dec.Prov.727/2017,1899/12/30,1899/12/30
487850.433150925,5735000.24602337,A092,FORTIN DE PIEDRA,BLOQUE I,CONCESION DE EXPLOTACION NO CONVENCIONAL,Tecpetrol S.A. (100%),Tecpetrol S.A (100%),TECPETROL S.A.,248.17,183.69102462,FOR,,,,115,Area de desarrollo masivo,324,80.28788162,,,Dec.Prov.1055/2016,2016/07/29,2051/07/28
574788.98994152,5686919.88146081,A244,CENTENARIO,BLOQUE II,CONCESION DE EXPLOTACION,Pluspetrol S.A.,Pluspetrol S.A. (100%),PLUSPETROL S.A.,73,30.63435197,CEN,,,NO,045,,334,68.76249589,RENEGOCIADA 2615,,Dec.Nac.91/91 - Dec.Prov.2100/2006,1991/01/21,2026/01/20
495694.992577298,5732954.74887781,A102,LA RIBERA I y II,BLOQUE II,CONCESION DE EXPLOTACION NO CONVENCIONAL,YPF S.A.,YPF S.A. (100%),YPF S.A.,83,60.24974198,LRII,,,,129,,284,69.7499131,,,Dec.Prov.1732/2016,2016/11/25,2051/11/24
482327.563765317,5754975.90756132,A246,AGUADA PICHANA ESTE,,CONCESION DE EXPLOTACION NO CONVENCIONAL,YPF S.A. (22.5%) - Total Austral S.A. (41%) - Wintershall Dea Argentina S.A. (22.5%) - Pan American Energy S.L. (Suc.Argentina) (14%),YPF S.A - Total Austral S.A - Wintershall Energia S.A ) - Pan American Energy S.L. (Suc.Argentina),TOTAL AUSTRAL S.A.,761.12,760.18246529,APE,,,SI,013,,221,162.5598177,,,,2017/07/17,2052/07/16
463335.977436555,5754912.06393644,A247,AGUADA PICHANA OESTE,,CONCESION DE EXPLOTACION NO CONVENCIONAL,YPF S.A - Total Austral S.A - Pan American Energy S.L. (Suc.Argentina),YPF S.A (30%) - Total Austral S.A (25%) - Pan American Energy S.L. (Suc.Argentina) (45%),PAN AMERICAN ENERGY SL SUC. ARG.,604.95,606.25677155,APO,PAL,,SI,014,,221,162.5598177,,,,2017/07/17,2052/07/16
434887.504560173,5786673.75828738,A234,CERRO ARENA SUR,,SIN CONTRATO,Gas y Petroleo del Neuquen S.A.,,,130.52,122.71384549,,,,NO,051,,235,142.96318648,ASIGNADAS A G&P,,Dec.Prov.727/2017,1899/12/30,1899/12/30
443006.606859504,5769630.08580879,A228,AGUADA DE CASTRO OESTE Bloque I y II,BLOQUE I,PERMISO DE EXPLORACION NO CONVENCIONAL,Gas y Petroleo del Neuquen S.A.,GyP (10%) - Petrolera El Trebol (90%),PETROLERA EL TREBOL S.A.,199.9,120.17281636,,,,SI,007,,235,142.96318648,ASIGNADAS A G&P,,Dec.Prov.727/2017 - Dec.517/18,2018/04/27,2026/04/26
435525.954379194,5769151.30867458,A233,REVERSION CHIHUIDO I,,SIN CONTRATO,Gas y Petroleo del Neuquen S.A.,,,912.61,912.6835826,,,,,190,,235,142.96318648,ASIGNADAS A G&P,,Dec.Prov.727/2017,1899/12/30,1899/12/30
486473.961395373,5801631.04207774,A239,PAMPA DE LAS YEGUAS II NORESTE,,SIN CONTRATO,Gas y Petroleo del Neuquen S.A.,,,51.66,51.65529281,,,,,176,,291,54.09589943,ASIGNADAS A G&P,,Dec.Prov.727/2017,1899/12/30,1899/12/30
482017.543198129,5812557.80479707,A156,RINCON LA CENIZA,,CONCESION DE EXPLOTACION NO CONVENCIONAL,Gas y Petroleo del Neuquen S.A.,Gas y Petroleo del Neuquen S.A (10%) - Total Austral S.A. (Suc. Argentina) (45.00 %) - Shell Argentina S.A. (45.00 %),TOTAL AUSTRAL S.A.,220.77,221.26155581,RLCZ,TAU,,SI,198,,273,71.83587349,U.T.E.,,Dec:Prov.191/2016,2016/06/14,2051/02/25
471586.48456592,5813064.18284262,A141,PAMPA DE LAS YEGUAS I,,CONCESION DE EXPLOTACION NO CONVENCIONAL,ExxonMobil Exploration Argentina S.R.L. - YPF S.A.,ExxonMobil Exploration Argentina S.R.L. (50%) - YPF S.A (50%),EXXONMOBIL EXPLORATION ARGENTINA S.R.L.,59,58.95575006,PDYI,EMEA,,,175,,229,35.96867887,U.T.E.,,Dec.Prov.1732/2016,2016/11/25,2051/11/24
464900.739286593,5810032.36801211,A193,PARVA NEGRA ESTE,,PERMISO DE EXPLORACION,Gas y Petroleo del Neuquen S.A.,"UTE G & P (15%) - Pampa Energia S.A. (42,50%) - ExxonMobil Exploration Argentina S.R.L. (42,5%)",PAMPA ENERGIA S.A.,285.2,285.27057704,Z060,PAM,PARVA NEGRA,SI,178,,228,110.06992923,U.T.E.,,"Dec,Prov.575/2014",2014/04/04,2018/04/03
448595.021438062,5870489.35683852,A250,CORRALERA SUR,,PERMISO DE EXPLORACION NO CONVENCIONAL,Gas y Petroleo del Neuquen S.A.,Ketsal S.A. (45.00%) - Kilwer S.A. (45.00%) - Gas y Petr肇eo del Neuqu輹 S.A. (10.00%),KILWER S.A.,117.49,117.74168037,,KILW,CORRALERA,NO,079,,310,112.39982438,U.T.E.,,Dec.Prov.1431/2016 - Dec. 514/2018,2018/04/27,2021/04/26
465513.176789689,5881500.36056186,A251,CORRALERA NORESTE,,CONCESION DE EXPLOTACION NO CONVENCIONAL,Gas y Petroleo del Neuquen S.A.,UTE G & P (10 %) - Kilwer S.A.(45 %) - Ketsal S.A. (45%),KILWER S.A.,108.8,109.79840038,,KILW,CORRALERA,no,079,,310,112.39982438,U.T.E.,,Dec.Prov.1431/2016 - Dec.514/18 -,2018/04/27,2021/04/26
450554.656697153,5879892.18191162,A252,CORRALERA NOROESTE,,PERMISO DE EXPLORACION NO CONVENCIONAL,Gas y Petroleo del Neuquen S.A.,Petrolera El Tr僕ol S.A. (90.00 %) - Gas y Petr肇eo del Neuqu輹 S.A. (10.00 %),PETROLERA EL TR텍OL S.A.,108.8,108.23722942,CONE,,CORRALERA,NO,079,,310,112.39982438,,,Dec.Prov.1431/2016 - Dec.514/18 -,2019/08/02,2027/08/01
499670.548827619,5754579.46242188,A098,LA CALERA,,CONCESION DE EXPLOTACION NO CONVENCIONAL,YPF S.A - Pluspetrol S.A.,YPF S.A. (50%) - Pluspetrol S.A. (50%),PLUSPETROL S.A.,230,230.16660751,LCA,APEA,,NO,123,,248,80.40628557,RENEGOCIADA 2615,,Dec.Prov. 606/2009,2018/10/23,2053/10/22
571710.670558176,5699479.51603213,A244,CENTENARIO,BLOQUE I,CONCESION DE EXPLOTACION,Pluspetrol S.A.,Pluspetrol S.A. (100%),PLUSPETROL S.A.,73,43.07327744,CEN,,,NO,046,,334,68.76249589,RENEGOCIADA 2615,,Dec.Nac.91/91 - Dec.Prov.2100/2006,1991/01/21,2026/01/20
559402.915322633,5733646.60142694,A135,MATA MORA,,PERMISO DE EXPLORACION NO CONVENCIONAL,Gas y Petroleo del Neuquen S.A.,UTE G & P (10 %) - Kilwer S.A.(45 %) - Ketsal S.A. (45%),KILWER S.A.,223.67,218.55886932,Z057,KILW,,SI,168,,200,64.62913065,U.T.E.,,Dec.Prov.1733/2016 - Dec.514/2018,2018/04/27,2021/04/26
563573.533800001,5746636.68365875,A116,LOMA JARILLOSA ESTE - PUESTO SILVA OESTE,PUESTO SILVA OESTE,CONCESION DE EXPLOTACION,Pluspetrol S.A.,Pluspetrol S.A (100%),PLUSPETROL S.A.,49.97,25.84241882,LJE,,,,147,,333,21.25224079,RENEGOCIADA 2615,,Dec.Adm.216/1997 - Dec.Prov.2100/2009,1992/05/23,2027/05/22
556083.428477722,5753512.3856245,A208,COIRON AMARGO SUR ESTE,,CONCESION DE EXPLOTACION NO CONVENCIONAL,Gas y Petroleo del Neuquen S.A.,Gas y Petr肇eo del Neuqu輹 S.A. (10.00 %) - Madalena Austral S.A. (29.00 %) - Pan American Energy S.L. (Suc. Argentina) (61.00 %),PAN AMERICAN ENERGY SL SUC. ARG.,227.83,228.42098418,CASE,PAL,COIRON AMARGO,NO,075,,256,119.1627212,U.T.E.,,Dec.Prov.1363/2016,2016/10/07,2053/11/08
564567.33250675,5796028.16736398,A180,EL SANTIAGUE헲,,CONCESION DE EXPLOTACION,YPF S.A.,YPF S.A. (100%),YPF S.A.,16.83,10.53405005,SAN,APEA,,SI,106,,335,15.74499554,RENEGOCIADA 2615,,Dec.Prov.606/2009,1990/09/04,2025/09/03
559104.393486596,5803794.77477889,A118,LOMA LINDA,,SIN CONTRATO,Gas y Petroleo del Neuquen S.A.,,,55,54.90267703,LOLI,,,SI,149,,312,43.86073386,U.T.E.,,Dec.Prov.92/11,,
562478.010012614,5805759.68480481,A035,CATRIEL VIEJO,,SIN CONTRATO,Gas y Petroleo del Neuquen S.A.,,,46.65,46.36376366,VIE,,,SI,044,,194,31.17781214,ASIGNADAS A G&P,,Dec.Prov.2040/11,1899/12/30,1899/12/30
561012.124155042,5813086.50771586,A119,LOMA MONTOSA OESTE,,CONCESION DE EXPLOTACION,Petroleos Sudamericanos - Homaq S.A. - JCR S.A.,Petroleos Sudamericanos (50%) - Homaq S.A. (25%) - JCR S.A. (25%),PETROLEOS SUDAMERICANOS S.A.,107.68,107.89577824,LMO,PSD,,SI,150,,226,41.66513095,RENEGOCIADA  2615,,Dec.Nac.1296/1992 - Dec.Prov.3179/2014,1992/01/20,2027/01/19
540433.609342752,5784075.14700328,A006,AGUADA DEL CHA헤R,,CONCESION DE EXPLOTACION NO CONVENCIONAL,YPF S.A.,YPF (100%),YPF S.A.,57,56.12571958,AGCH,GPNE,,SI,009,,242,101.19428622,U.T.E.,,Dec.Prov.1417/2012 - Dec.Prov.1605/18,2018/09/27,2053/09/26
542863.622143301,5756838.07758316,A061,CRUZ DE LORENA,,CONCESION DE EXPLOTACION NO CONVENCIONAL,Gas y Petroleo del Neuquen S.A.,Gas y Petroleo del Neuquen S.A (10%) - Shell Argentina S.A (90%),SHELL ARGENTINA S.A.,158.74,158.74432559,CDLO,OGDV,,SI,084,Area de desarrollo masivo,279,68.37541218,U.T.E.,,Dec.Prov.1716/2015,2015/08/11,2050/08/10
525025.80256362,5773239.17079459,A096,LA AMARGA CHICA,,CONCESION DE EXPLOTACION NO CONVENCIONAL,YPF S.A. - Petronas E&P Argentina S.A.,YPF S.A. (50%) - Petronas E&P Argentina S.A. (50%),YPF S.A.,186.58,187.48884332,LAC,YPF,,SI,122,Area de desarrollo masivo,244,106.4518347,,,Dec.Prov.2963/2014,2014/12/19,2049/12/18
518566.372553515,5764092.78664252,A197,BANDURRIA SUR,,CONCESION DE EXPLOTACION NO CONVENCIONAL,YPF S.A.- Bandurria Sur Investments S.A.,YPF S.A. (40%) - Bandurria Sur Investments S.A. (60%),YPF S.A.,227.55,228.02311797,BNDS,YPF,BANDURRIA,SI,038,,247,121.36482601,CONTRATO,,Dec.Prov.1541/2015,2015/07/16,2050/07/15
549947.69291836,5784108.23945278,A191,AGUADA CANEPA,,CONCESION DE EXPLOTACION NO CONVENCIONAL,Gas y Petroleo del Neuquen S.A,Gas y Petroleo del Neuquen (10%) - Pan American Energy S.L. (Suc. Argentina) (90%),PAN AMERICAN ENERGY SL SUC. ARG.,112.43,112.43459821,AGCO,PAL,,SI,003,,237,101.19428622,U.T.E.,,Dec.Prov.2146/2014,2020/10/17,2025/10/16
559922.539936956,5764328.90469117,A179,COIRON AMARGO NORTE,,LOTE DE EXPLOTACION,Gas y Petroleo del Neuquen S.A.,"Vista Oil & Gas Argentina S.A.U. (84,62%) - Madalena Energy Argentina S.R.L (35%) - Gas y Petroleo del Neuqu輹 S.A. (15,38%)",VISTA OIL & GAS ARGENTINA S.A.U.,108.08,108.35240917,Z038,,,SI,074,,213,119.1627212,U.T.E.,,Dec.Prov.271/2012 - Dec.Prov.1363/2016,2012/02/23,2038/11/09
557847.177946388,5791310.13292062,A087,ENTRE LOMAS,,CONCESION DE EXPLOTACION,Vista Oil & Gas Argentina S.A.,Vista Oil & Gas Argentina S.A (100%),VISTA OIL & GAS ARGENTINA S.A.U.,452.08,410.81883552,ELO,PEL,,SI,109,,227,94.55023424,RENEGOCIADA 2615,,Dec.Prov.1117/2009,1991/01/22,2026/01/21
537150.714941224,5774576.01156537,A253,BAJADA DEL PALO OESTE,,CONCESION DE EXPLOTACION NO CONVENCIONAL,Vista Oil & Gas Argentina S.A.U.,Vista Oil & Gas Argentina S.A.U. (100.00 %),VISTA OIL & GAS ARGENTINA S.A.U.,253.5,253.55860981,BAPO,,Bajada del Palo,NO,031,,243,100.33564643,,,Dec.Nac.1769/1990 - Dec.Prov.1117/2009 - Dec.2357/18,2018/12/20,2053/12/19
554521.282367243,5776410.01818013,A254,BAJADA DEL PALO ESTE,,CONCESION DE EXPLOTACION NO CONVENCIONAL,Vista Oil & Gas Argentina S.A.U.,Vista Oil & Gas Argentina S.A.U. (100.00 %),VISTA OIL & GAS ARGENTINA S.A.U.,197.7,198.13954538,BAPE,,Bajada del Palo,NO,221,,243,100.33564643,,,Dec.Nac.1769/1990 - Dec.Prov.1117/2009 - Dec.2357/18,2018/12/20,2053/12/19
567192.315652697,5695781.86766788,A243,CENTENARIO CENTRO,,CONCESION DE EXPLOTACION NO CONVENCIONAL,Pluspetrol S.A.,Pluspetrol S.A. (100%),PLUSPETROL S.A.,129.59,129.56119078,CENC,,,NO,047,,334,68.76249589,RENEGOCIADA 2615,,Dec.Prov.615/2017,2017/04/26,2052/04/25
494059.650392399,5831921.65720532,A010,AGUILA MORA,,CONCESION DE EXPLOTACION NO CONVENCIONAL,Gas y Petroleo del Neuquen S.A.,Gas y Petroleo del Neuquen S.A (10%) - Vista Oil & Gas Argentina S.A.U. (90%),VISTA OIL & GAS ARGENTINA S.A.U.,95,93.92092056,ALDA,MSA,AGUILA MORA,NO,016,,320,73.51459836,U.T.E.,,Res.Prov.264/2011 - Dec.2597/19,2009/06/29,2054/11/28
499841.535361962,5833747.3430765,A256,AGUILA MORA NORESTE,,PERMISO DE EXPLORACION NO CONVENCIONAL,Gas y Petroleo del Neuquen S.A.,Gas y Petr肇eo del Neuqu輹 S.A. (90.00%) - Equinor Argentina BV (10.00%),EQUINOR ARGENTINA B.V.,74.2,73.99480458,,,AGUILA MORA,SI,222,,320,73.51459836,,,Res.Prov.264/2011 - Dec.128/19,2019/12/27,2026/12/26
455328.623632405,5645569.10282296,A101,LA PENDIENTE,,LOTE DE EXPLOTACION,Gas y Petroleo del Neuquen S.A.,Gas y Petroleo del Neuquen S.A (10%) - Ingenier眼 Sima S.A. (90%),INGENIERIA SIMA S.A.,24.3,25.36131,Z052,ISIM,,NO,125,,339,26.215068,U.T.E.,,,2009/03/31,2034/03/30
456246.847968393,5648464.92926507,A259,LA PENDIENTE (exploracion),,PERMISO DE EXPLORACION,Gas y Petroleo del Neuquen S.A.,Gas y Petroleo del Neuquen S.A (10%) - Ingenier眼 Sima S.A. (90%),INGENIERIA SIMA S.A.,14.35,13.59016396,Z052,ISIM,,NO,223,,339,26.215068,U.T.E.,,,,
516774.45317273,5728408.23854897,A117,LOMA LA LATA - SIERRA BARROSA,,CONCESION DE EXPLOTACION,YPF S.A.,YPF S.A (100%),YPF S.A.,1644.6,1643.52686339,LDL,YPF,,SI,148,,245,277.74925462,RENEGOCIADA DEC. 1252/2000,,Ley nac.24145 - Dec.Nac.1552/2000,1992/11/16,2027/11/14
337394.794983022,5647283.65345487,A019,ALUMINE,,SIN CONTRATO,Gas y Petroleo del Neuquen S.A. (100%),,,6900,6900.61610681,ALNE,,,NO,025,,254,509.1335291,ASIGNADAS A G&P,,Dec.Prov.1757/2012,1899/12/30,1899/12/30
378262.802725389,5674376.85054007,A051,CNQ-12 - LAGUNA BLANCA,,SIN CONTRATO,,,,5756.85,5756.85730211,LBLA,,,NO,069,,253,439.30322412,,,,2006/12/20,1899/12/30
358802.112539914,5756893.28404157,A050,LAS LAJAS,,SIN CONTRATO,Gas y Petroleo del Neuquen S.A.,,,3596.38,3596.26201592,X328,,,NO,068,,224,253.8515711,U.T.E.,,Dec.Prov.1244/2011 - Dec.1086/2018,,
343432.603035255,5834594.36855672,A053,EL HUECU,,SIN CONTRATO,Gas y Petroleo del Neuquen S.A. (100%),,,6658,6628.64938987,X362,,,NO,073,,294,378.89530777,U.T.E.,,Dec.Prov.1244/2011,,
348690.453357048,5943268.71270844,A057,CORDILLERA DEL VIENTO,,SIN CONTRATO,Gas y Petroleo del Neuquen S.A.,,,5698.26,5703.58333695,CDVI,,,NO,078,,192,460.29804033,,,Dec.Prov.1244/2011,2011/07/18,2015/07/17
390379.348548478,5950976.27999716,A210,RIO BARRANCAS NORTE,,SIN CONTRATO,Gas y Petroleo del Neuquen S.A.,,,1398.29,1409.05776329,,,,,200,,212,94.0920101,ASIGNADAS A G&P,,Dec.Prov.727/2017,1899/12/30,1899/12/30
425484.492304712,5910780.70598455,A030,BUTA RANQUIL,,SIN CONTRATO,Gas y Petroleo del Neuquen S.A.,,,315.18,318.11294165,BURI,,,NO,041,,212,94.0920101,ASIGNADAS A G&P,,Dec.Prov.727/2017,1899/12/30,1899/12/30
435065.391124536,5887820.72528954,A074,EL CHURQUI,,SIN CONTRATO,Gas y Petroleo del Neuquen S.A. (100%),,,131,131.78714829,Z044,,,SI,097,,309,49.41960431,ASIGNADAS A G&P,,Dec.Prov.322/13,1899/12/30,1899/12/30
441896.729158948,5886841.08072475,A079,EL PORTON,,CONCESION DE EXPLOTACION,YPF S.A.,YPF S.A (100%),YPF S.A.,26.19,23.58499346,EPN,YPF,,SI,104,,195,22.40070591,RENEGOCIADA 2615,,Ley Prov.2615 - Dec.Prov.2124/2008,1992/11/15,2027/11/14
444265.792926932,5885271.27149907,A047,CHIHUIDO DE LA SALINA SUR,,CONCESION DE EXPLOTACION,YPF S.A.,YPF S.A (100%),YPF S.A.,7.52,12.91002448,CHS,YPF,,NO,064,,196,22.95771439,,,Dec.Adm.181/1997 - Dec.Prov.1972/12,1997/04/25,2022/04/24
480042.067495999,5882255.56411621,A091,FONDO DE LA LEGUA,BLOQUE I,CONCESION DE EXPLOTACION,San Jorge Petroleum S.A. (100%),San Jorge Petroleum S.A (100%),SAN JORGE PETROLEUM S.A.,157.39,109.66814444,FDLL,,,,113,,330,67.7153783,,,Dec.Prov.2225/2006,2006/12/06,2031/12/05
491078.846702738,5872253.38065975,A149,PUESTO HERNANDEZ,,CONCESION DE EXPLOTACION,YPF S.A. (100%),YPF S.A (100%),YPF S.A.,120.68,121.35306619,PHE,PBE,,SI,185,,304,50.16144743,RENEGOCIADA 2615,,Ley 2615 - Dec.Prov.2124/2008,1992/11/15,2027/11/14
473278.993278723,5869864.81122847,A048,CHIHUIDO DE LA SIERRA NEGRA,,CONCESION DE EXPLOTACION,YPF S.A. - Compa寅a de Desarrollo No Convencional S.R.L.,YPF S.A (93%) - Compa寅a de Desarrollo No Convencional S.R.L (7%),YPF S.A.,688.59,669.98432689,CSN,YPF,,SI,065,,332,189.23253145,RENEGOCIADA 2015,,Ley Prov.2615 - Dec.Prov.2124/2008,1992/11/15,2027/11/14
525323.481060311,5856382.63989047,A040,CERRO HAMACA,,CONCESION DE EXPLOTACION,YPF S.A.,YPF S.A. (100%),YPF S.A.,196,196.5335337,CEA,YPF,,NO,055,,217,97.85666763,,,Dec.Adm.750/1997,1997/12/03,2022/12/02
556304.622942821,5832813.37424989,A165,SE헤L PICADA - PUNTA BARDA,,CONCESION DE EXPLOTACION,YPF S.A.,YPF S.A (100%),YPF S.A.,402.94,370.7547127,SPR,YPF,,SI,212,,225,81.8609463,RENEGOCIADA 2615,,Ley 2615 - Dec.Prov.2124/2008,1992/11/15,2027/11/14
570536.884937383,5711117.28127272,A158,RIO NEUQUEN,,CONCESION DE EXPLOTACION NO CONVENCIONAL,YPF S.A. - Pampa Energia S.A. - Petrobras Operaciones S.A.,"YPF S.A. (33,33%) - Pampa Energia S.A. (33,07%) - Petrobras Operaciones S.A. (33,60%)",YPF S.A.,232.85,232.93822925,RGO,PBE,,SI,203,,290,106.09726279,,,Dec.Prov.776/2016,2016/06/13,2051/06/12
578696.306638558,5690825.50105226,A017,REVERSION RIO NEUQUEN,,REVERSION,Ciudad de Neuquen,,,115.15,111.15133316,,,RIO NEUQUEN,NO,194,,289,75.84209609,,,,1899/12/30,1899/12/30
538433.65695988,5681514.69242533,A163,SENILLOSA,,REVERSION,,,,370,369.48203237,SLLS,,SENILLOSA,SI,210,,202,117.65127594,,,Dec.Prov.2541/15,1899/12/30,1899/12/30
523491.528071806,5821471.91621938,A263,LOMA AMARILLA NORTE,,REVERSION,,,,217.25,217.25,,,LOMA AMARILLA,NO,138,,251,86.0408551,CONTRATO,,Res.Prov.112/2011- Dec.2599/19,,
523936.311296431,5807456.62837953,A264,LOMA AMARILLA SUR,,CONCESION DE EXPLOTACION NO CONVENCIONAL,YPF S.A.,YPF S.A (100%),YPF S.A.,175.75,175.75,,,LOMA AMARILLA,NO,224,,251,86.0408551,CONTRATO,,Res.Prov.112/2011- Dec.2599/19,2019/11/29,2054/11/28
457241.206755408,5885278.29024131,A144,PASO DE LAS BARDAS NORTE,,CONCESION DE EXPLOTACION,YPF S.A.,YPF S.A (100%),YPF S.A.,15.91,16.25998788,PBN,YPF,,NO,181,,331,18.40741752,,,Dec.Adm.706/1197,1997/11/14,2022/11/13
450542.034282154,5841147.79403795,A034,LOMA DEL MOLLE,,PERMISO DE EXPLORACION NO CONVENCIONAL,ExxonMobil Exploration Argentina S.R.L. - YPF S.A.,ExxonMobil Exploration Argentina S.R.L. (50%) - YPF S.A (50%),EXXONMOBIL EXPLORATION ARGENTINA S.R.L.,118,123.72526376,LMOL,EMEA,CA헤DON DEL PUMA,NO,144,,230,85.32453472,,,Dec.Prov.1773/2016 - Dec.Prov.1535/20,2016/12/07,2024/12/06
439835.555066551,5837009.00098998,A265,REVERSION LOMA DEL MOLLE,,REVERSION,,,,59,55.6508894,,,CA헤DON DEL PUMA - LOMA DEL MOLLE,NO,225,,230,85.32453472,,,Dec.Prov.1773/2016 - Dec.Prov.1535/20,,
444941.882177973,5788934.04488013,A037,CERRO ARENA,,PERMISO DE EXPLORACION NO CONVENCIONAL,YPF S.A.- Pluspetrol S.A.,YPF S.A. (50%) - Pluspetrol S.A. (50%),YPF S.A.,384,378.37754348,CRAR,YPF,,NO,050,,277,192.51262899,,,Dec.Prov.1733/2016 - Dec.1535/20,,2024/12/06
439001.037193183,5806755.05927977,A266,REVERSION CERRO ARENA,,REVERSION,,,,250,248.56715125,,,LOMA DEL MOLLE,NO,226,,277,192.51262899,,,Dec.Prov.1733/2016 - Dec.1535/20,,
450575.883159334,5827014.55008088,A041,CERRO LAS MINAS,,PERMISO DE EXPLORACION NO CONVENCIONAL,Total Austral S.A. Sucursal Argentina - YPF S.A.,Total Austral S.A Sucursal Argentina (50%) - YPF S.A (50%),YPF S.A.,133.22,134.51561417,CLMI,YPF,REV CA헤DON DEL PUMA,NO,056,,231,57.75200003,,,Dec.Prov.1733/2016 - Dec.1535/20,2016/12/07,2024/12/06
443606.033417217,5827013.83485594,A267,REVERSION CERRO LAS MINAS,,REVERSION,,,,75,73.69992501,,,REV CA헤DON DEL PUMA - LOMA DEL MOLLE,NO,227,,231,57.75200003,,,Dec.Prov.1733/2016 - Dec.1535/20,,
467484.834011929,5719025.49087208,A111,LAS TACANAS,,PERMISO DE EXPLORACION NO CONVENCIONAL,YPF S.A. - Pluspetrol S.A.,YPF S.A (50%) - Pluspetrol S.A. (50%),YPF S.A.,323,323.04138797,LTAC,YPF,LAS TACANAS,,135,,207,152.99053051,,,Dec.Prov.1733/2016 - Dec.1535/2020,2016/12/07,2024/12/06
454753.350194109,5710931.62483419,A268,REVERSION LAS TACANAS,,REVERSION,,,,88,88.12077794,,,LAS TACANAS,NO,228,,207,152.99053051,,,Dec.Prov.1733/2016 - Dec.1535/2020,,
533515.26042254,5748639.37473126,A114,LOMA CAMPANA,,CONCESION DE EXPLOTACION NO CONVENCIONAL,YPF S.A. - Compa牆a de Hidrocarburo No Convencional S.R.L.,YPF S.A. (50%) - Compa牆a de Hidrocarburo No Convencional S.R.L. (50%),YPF S.A.,395,395.06304997,LCAM,YPF,,SI,140,Area de desarrollo masivo,182,38.02894903,,,Dec.Adm.224/2001 - Dec.Prov.1208/2013,2001/11/12,2048/11/11
